feature,importance
feature_4,0.8574635483815753
feature_0,0.7619505423588852
feature_6,0.5842794648649879
feature_2,0.49644004069499215
feature_3,0.41679956648926475
feature_7,0.27582560978281945
feature_1,0.1970681272265961
feature_5,0.025999035144945493
