sample_id,true_label,pred_proba,intercept,top_contributions
110,0,0.14950281427348963,-0.7851840931707553,"feature_4=-1.089, feature_3=-0.842, feature_0=0.600"
419,0,0.28435175944413316,-0.7851840931707553,"feature_0=-0.652, feature_2=0.440, feature_3=0.269"
565,1,0.4766714210675544,-0.7851840931707553,"feature_0=0.368, feature_3=0.319, feature_6=0.162"
77,0,0.04723682737967601,-0.7851840931707553,"feature_4=-1.148, feature_7=-0.572, feature_3=-0.527"
181,0,0.05909144570017125,-0.7851840931707553,"feature_6=-0.595, feature_2=-0.561, feature_4=-0.430"
