stage,group,n,accuracy,selection_rate,tpr,fpr
baseline,0,386,0.7953367875647669,0.3756476683937824,0.7291666666666666,0.1652892561983471
baseline,1,364,0.8076923076923077,0.40384615384615385,0.7452229299363057,0.14492753623188406
mitigated,0,386,0.7979274611398963,0.38860103626943004,0.75,0.17355371900826447
mitigated,1,364,0.7994505494505495,0.3901098901098901,0.7197452229299363,0.14009661835748793
