sensitive_feature_0,accuracy,selection_rate,tpr,fpr,dp_diff,eo_diff
0,0.9153184165232358,0.08709122203098106,0.5100864553314121,0.029710711493354185,0.1603046113023523,0.07836498823814175
1,0.8074544270833334,0.24739583333333334,0.5884514435695538,0.09412597310686482,0.1603046113023523,0.07836498823814175
