stage,group,n,accuracy,selection_rate,tpr,fpr,group_a,group_b,intersection
baseline,0,203,0.8177339901477833,0.41379310344827586,0.7901234567901234,0.16393442622950818,0,0,0_0
baseline,1,183,0.7704918032786885,0.3333333333333333,0.6507936507936508,0.16666666666666666,0,1,0_1
baseline,2,178,0.8370786516853933,0.38764044943820225,0.7857142857142857,0.12962962962962962,1,0,1_0
baseline,3,186,0.7795698924731183,0.41935483870967744,0.7126436781609196,0.16161616161616163,1,1,1_1
equalized_odds,0,203,0.7684729064039408,0.22660098522167488,0.49382716049382713,0.04918032786885246,0,0,0_0
equalized_odds,1,183,0.7650273224043715,0.18579234972677597,0.42857142857142855,0.058333333333333334,0,1,0_1
equalized_odds,2,178,0.797752808988764,0.24719101123595505,0.5571428571428572,0.046296296296296294,1,0,1_0
equalized_odds,3,186,0.6774193548387096,0.20967741935483872,0.3793103448275862,0.06060606060606061,1,1,1_1
