scenario,accuracy,failure_rate
noise,0.7583333333333333,0.008333333333333415
scale,0.755,0.011666666666666714
missing,0.7633333333333333,0.0033333333333334103
outliers,0.77,0.0
