feature,baseline_mean,current_mean,drift,threshold,flagged
feature_0,-0.6053785856046812,0.7966471171065787,1.40202570271126,0.2,True
feature_1,0.020300831449150788,-0.35497602099449516,0.37527685244364595,0.2,True
feature_2,0.5696898203188755,0.3958468007414274,0.17384301957744808,0.2,False
feature_3,0.031234653288110713,-0.6743372758977225,0.7055719291858332,0.2,True
feature_4,0.5866586745573292,-0.3994796283622108,0.9861383029195401,0.2,True
feature_5,-0.004056601215191124,0.4396440729219379,0.44370067413712905,0.2,True
feature_6,0.28852150786696973,-0.03492934850838997,0.3234508563753597,0.2,True
feature_7,0.4084199978256778,-0.01457681225374456,0.42299681007942236,0.2,True
