variant,accuracy,roc_auc,features_used
full_features,0.9972222222222222,0.9972144846796658,6
minimized_features,0.9972222222222222,0.9944289693593314,3
